{
  "timestamp": "2025-10-27 18:41:31",
  "database_stats": {
    "total_cases": 1422,
    "collection_name": "indian_legal_cases",
    "metadata": {
      "description": "Indian Supreme Court and High Court cases"
    }
  },
  "performance_benchmarks": {
    "3": {
      "avg_time": 4.844020080566406,
      "min_time": 2.838710069656372,
      "max_time": 12.402888298034668,
      "times": [
        12.402888298034668,
        3.3703813552856445,
        5.4765002727508545,
        3.1973536014556885,
        3.580381155014038,
        3.619990825653076,
        5.551238775253296,
        3.2164387702941895,
        2.838710069656372,
        5.186317682266235
      ]
    },
    "5": {
      "avg_time": 3.277790141105652,
      "min_time": 2.7398030757904053,
      "max_time": 4.047474384307861,
      "times": [
        2.8469760417938232,
        2.841496706008911,
        2.8837075233459473,
        3.976531744003296,
        3.288492202758789,
        3.065175771713257,
        2.7398030757904053,
        3.427422523498535,
        4.047474384307861,
        3.6608214378356934
      ]
    },
    "10": {
      "avg_time": 3.398476505279541,
      "min_time": 2.695162057876587,
      "max_time": 4.345485687255859,
      "times": [
        3.630755662918091,
        3.10002064704895,
        3.70969295501709,
        4.016465663909912,
        2.695162057876587,
        2.925809144973755,
        3.4302682876586914,
        2.807795286178589,
        4.345485687255859,
        3.3233096599578857
      ]
    },
    "15": {
      "avg_time": 3.565829801559448,
      "min_time": 2.8194165229797363,
      "max_time": 4.568821668624878,
      "times": [
        4.568821668624878,
        3.633929491043091,
        3.19266676902771,
        2.8194165229797363,
        3.1322085857391357,
        3.6539485454559326,
        4.405343294143677,
        3.6612119674682617,
        3.2156262397766113,
        3.375124931335449
      ]
    },
    "20": {
      "avg_time": 3.540955686569214,
      "min_time": 2.8658618927001953,
      "max_time": 4.327941179275513,
      "times": [
        3.1822497844696045,
        4.327941179275513,
        3.896559476852417,
        2.9991862773895264,
        3.5085463523864746,
        3.6189396381378174,
        3.6059510707855225,
        4.14892315864563,
        2.8658618927001953,
        3.2553980350494385
      ]
    }
  },
  "quality_analysis": {
    "queries_tested": 10,
    "avg_results_per_query": 10.0,
    "avg_similarity": -0.18530450602121926,
    "similarity_distribution": {
      "high": 10,
      "medium": 0,
      "low": 90
    },
    "min_similarity": -0.6419692039489746,
    "max_similarity": 0.8186243921518326
  },
  "recommendations": [
    "⚠️ Consider reducing top_k to 5 for better performance",
    "⚠️ Low average similarity. Consider improving embedding model or data preprocessing",
    "💡 Recommended similarity threshold: 0.6",
    "✅ Good dataset size for training"
  ],
  "similarity_thresholds": {
    "0.3": {
      "count": 0,
      "avg_similarity": 0
    },
    "0.5": {
      "count": 0,
      "avg_similarity": 0
    },
    "0.7": {
      "count": 0,
      "avg_similarity": 0
    },
    "0.8": {
      "count": 0,
      "avg_similarity": 0
    },
    "0.9": {
      "count": 0,
      "avg_similarity": 0
    }
  }
}